,algorithm,similarity_measure,n_clusters,labels,execution_time,Silhouette Score,Davies-Bouldin Index,Mean Inter-Cluster Distance,Modularity,Conductance,Normalized Cut,Rand Index,Adjusted Rand Index,Normalized Mutual Information
0,dbscan,Geodesic Distance,26,"[-1  2  0 -1  1 -1  2 -1 -1  3  1  4 -1  5  5  0 -1  1  6  1  4  7 -1  8
  8  9 10 -1 11 -1 -1 12 -1  4 -1 13 14 14 14 -1 -1 -1 -1 -1  6  6  7 -1
 15 15 -1 17 17 -1 -1 -1 16 15 15 16 16 17 16 16 16 16 -1  4  4 -1  9 16
  2 16 16  2 14 -1 14 12 12 18 18  9 -1 -1 -1 -1 24 -1 -1 19 -1  9 13 11
 11 -1 -1 -1 13 11  0  2 -1 11 11 -1 20 -1 -1 -1 21 22 -1 -1 11  1 -1 23
 23 -1 -1 -1 -1  0 22 -1 -1 21 -1 -1 13 -1 25  9 -1  9 -1 -1 22 -1  2 19
 24  6 22 20 20 21 -1 -1 -1  5 -1 18 25  2 14 14 -1 -1  6 -1 -1 -1 13  7
  5  5 10 -1 -1  3  0 -1 -1  4  3  5  5  0 -1 23 11 -1  5  0 21 -1 -1  5
 -1 -1 13 -1 -1 -1 19  8 11  5 -1  0  7 -1 -1  0 24  5  5 16  0  7 24  0
 -1 19  2 11  7 10 -1  1 25 -1  2 -1 -1  0 -1  9  2 -1 15 -1]",0.001998424530029297,0.0815929479237576,1.1368727939957333,67.66568407245671,,,,0.6328164442841687,0.06123792492007633,0.3480166180497423
1,dbscan,Geodesic Distance,17,"[-1  1  0 -1  2 -1  1 -1 -1 -1  2  3 -1  4  4  0 -1 -1  5  2  3  6 -1 -1
 -1 12 -1 -1  7 -1 -1 -1 -1  3 -1  8  9  9  9 -1 -1 -1 -1 -1  5  5  6 -1
 10 10 -1 -1 -1 -1 -1 -1 11 10 10 11 11 -1 11 11 11 11 -1  3  3 -1 12 11
  1 11 11  1  9 -1  9 -1 -1 -1 -1 -1 -1 -1 -1 -1 -1 -1 -1 13 -1 12  8 14
 14 -1 -1 -1 -1 14  0 -1 -1 14  7 -1 -1 -1 -1 -1 16 15 -1 -1 14 -1 -1 -1
 -1 -1 -1 -1 -1  0 15 -1 -1 16 -1 -1  8 -1 -1 12 -1 12 -1 -1 15 -1 -1 13
 -1  5 15 -1 -1 16 -1 -1 -1  4 -1 -1 -1  1  9  9 -1 -1  5 -1 -1 -1  8  6
  4  4 -1 -1 -1 -1 -1 -1 -1  3 -1  4  4 -1 -1 -1  7 -1  4  0 16 -1 -1 -1
 -1 -1  8 -1 -1 -1 13 -1  7  4 -1  0  6 -1 -1  0 -1  4  4 11  0  6 -1  0
 -1 13  1 14  6 -1 -1  2 -1 -1  1 -1 -1  0 -1 12  1 -1 10 -1]",0.0020265579223632812,-0.0955338276213608,1.1967297445570018,66.97412466937098,,,,0.575910566173819,0.03692721114403584,0.31832467758991345
2,dbscan,Geodesic Distance,12,"[-1  0 11 -1 -1 -1  0 -1 -1 -1 -1  1 -1  2  2 11 -1 -1  5 -1  1  6 -1 -1
 -1  9 -1 -1 -1 -1 -1 -1 -1  1 -1  3  4  4  4 -1 -1 -1 -1 -1  5  5  6 -1
  7  7 -1 -1 -1 -1 -1 -1  8  7  7  8  8 -1  8  8  8  8 -1  1  1 -1  9  8
  0  8  8  0  4 -1  4 -1 -1 -1 -1 -1 -1 -1 -1 -1 -1 -1 -1 -1 -1  9  3 10
 10 -1 -1 -1 -1 10 11 -1 -1 10 -1 -1 -1 -1 -1 -1 -1 -1 -1 -1 -1 -1 -1 -1
 -1 -1 -1 -1 -1 11 -1 -1 -1 -1 -1 -1  3 -1 -1  9 -1  9 -1 -1 -1 -1 -1 -1
 -1  5 -1 -1 -1 -1 -1 -1 -1  2 -1 -1 -1  0  4  4 -1 -1  5 -1 -1 -1  3  6
  2  2 -1 -1 -1 -1 -1 -1 -1  1 -1  2  2 -1 -1 -1 -1 -1  2 11 -1 -1 -1 -1
 -1 -1  3 -1 -1 -1 -1 -1 -1  2 -1 11  6 -1 -1 11 -1  2  2  8 11  6 -1 11
 -1 -1  0 10  6 -1 -1 -1 -1 -1  0 -1 -1 11 -1  9 -1 -1  7 -1]",0.00099945068359375,-0.19097076433638177,1.1504718518665291,67.16542739314832,,,,0.5506310854670032,0.05520166704974256,0.30056566013271935
3,dbscan,Geodesic Distance,6,"[-1 -1  3 -1 -1 -1  5 -1 -1 -1 -1 -1 -1  0  0 -1 -1 -1 -1 -1 -1  1 -1 -1
 -1  4 -1 -1 -1 -1 -1 -1 -1 -1 -1 -1 -1 -1 -1 -1 -1 -1 -1 -1 -1 -1  1 -1
 -1 -1 -1 -1 -1 -1 -1 -1  2 -1 -1  2  2 -1  2  2  2  2 -1 -1 -1 -1  4  2
  5  2  2  5 -1 -1 -1 -1 -1 -1 -1 -1 -1 -1 -1 -1 -1 -1 -1 -1 -1  4 -1 -1
 -1 -1 -1 -1 -1 -1  3 -1 -1 -1 -1 -1 -1 -1 -1 -1 -1 -1 -1 -1 -1 -1 -1 -1
 -1 -1 -1 -1 -1  3 -1 -1 -1 -1 -1 -1 -1 -1 -1  4 -1  4 -1 -1 -1 -1 -1 -1
 -1 -1 -1 -1 -1 -1 -1 -1 -1  0 -1 -1 -1  5 -1 -1 -1 -1 -1 -1 -1 -1 -1  1
  0  0 -1 -1 -1 -1 -1 -1 -1 -1 -1  0  0 -1 -1 -1 -1 -1 -1  3 -1 -1 -1 -1
 -1 -1 -1 -1 -1 -1 -1 -1 -1 -1 -1  3  1 -1 -1  3 -1  0  0  2  3  1 -1  3
 -1 -1  5 -1  1 -1 -1 -1 -1 -1  5 -1 -1  3 -1  4 -1 -1 -1 -1]",0.001999378204345703,-0.3531573635540215,1.2168837795310516,68.05509962359024,,,,0.46393797331410025,0.02021204837087511,0.21535398513073623
4,dbscan,Geodesic Distance,3,"[-1 -1  1 -1 -1 -1 -1 -1 -1 -1 -1 -1 -1  2  2 -1 -1 -1 -1 -1 -1 -1 -1 -1
 -1 -1 -1 -1 -1 -1 -1 -1 -1 -1 -1 -1 -1 -1 -1 -1 -1 -1 -1 -1 -1 -1 -1 -1
 -1 -1 -1 -1 -1 -1 -1 -1  0 -1 -1  0  0 -1  0  0  0  0 -1 -1 -1 -1 -1  0
 -1  0  0 -1 -1 -1 -1 -1 -1 -1 -1 -1 -1 -1 -1 -1 -1 -1 -1 -1 -1 -1 -1 -1
 -1 -1 -1 -1 -1 -1  1 -1 -1 -1 -1 -1 -1 -1 -1 -1 -1 -1 -1 -1 -1 -1 -1 -1
 -1 -1 -1 -1 -1  1 -1 -1 -1 -1 -1 -1 -1 -1 -1 -1 -1 -1 -1 -1 -1 -1 -1 -1
 -1 -1 -1 -1 -1 -1 -1 -1 -1  2 -1 -1 -1 -1 -1 -1 -1 -1 -1 -1 -1 -1 -1 -1
 -1  2 -1 -1 -1 -1 -1 -1 -1 -1 -1  2  2 -1 -1 -1 -1 -1 -1  1 -1 -1 -1 -1
 -1 -1 -1 -1 -1 -1 -1 -1 -1 -1 -1  1 -1 -1 -1  1 -1  2  2  0  1 -1 -1  1
 -1 -1 -1 -1 -1 -1 -1 -1 -1 -1 -1 -1 -1  1 -1 -1 -1 -1 -1 -1]",0.0019996166229248047,-0.2634726101037237,1.2117598623980244,76.44834678025856,,,,0.4160115398485395,0.01023903362501603,0.16411773595254964
5,dbscan,Geodesic Distance,3,"[-1 -1  2 -1 -1 -1 -1 -1 -1 -1 -1 -1 -1  1  1 -1 -1 -1 -1 -1 -1 -1 -1 -1
 -1 -1 -1 -1 -1 -1 -1 -1 -1 -1 -1 -1 -1 -1 -1 -1 -1 -1 -1 -1 -1 -1 -1 -1
 -1 -1 -1 -1 -1 -1 -1 -1  0 -1 -1  0  0 -1  0  0  0  0 -1 -1 -1 -1 -1  0
 -1  0  0 -1 -1 -1 -1 -1 -1 -1 -1 -1 -1 -1 -1 -1 -1 -1 -1 -1 -1 -1 -1 -1
 -1 -1 -1 -1 -1 -1  2 -1 -1 -1 -1 -1 -1 -1 -1 -1 -1 -1 -1 -1 -1 -1 -1 -1
 -1 -1 -1 -1 -1  2 -1 -1 -1 -1 -1 -1 -1 -1 -1 -1 -1 -1 -1 -1 -1 -1 -1 -1
 -1 -1 -1 -1 -1 -1 -1 -1 -1  1 -1 -1 -1 -1 -1 -1 -1 -1 -1 -1 -1 -1 -1 -1
 -1  1 -1 -1 -1 -1 -1 -1 -1 -1 -1  1  1 -1 -1 -1 -1 -1 -1  2 -1 -1 -1 -1
 -1 -1 -1 -1 -1 -1 -1 -1 -1 -1 -1  2 -1 -1 -1  2 -1  1  1  0  2 -1 -1  2
 -1 -1 -1 -1 -1 -1 -1 -1 -1 -1 -1 -1 -1  2 -1 -1 -1 -1 -1 -1]",0.0010123252868652344,-0.2634726101037237,1.2117598623980244,76.44834678025856,,,,0.4160115398485395,0.01023903362501603,0.16411773595254964
6,dbscan,Geodesic Distance,2,"[-1 -1  1 -1 -1 -1 -1 -1 -1 -1 -1 -1 -1 -1 -1 -1 -1 -1 -1 -1 -1 -1 -1 -1
 -1 -1 -1 -1 -1 -1 -1 -1 -1 -1 -1 -1 -1 -1 -1 -1 -1 -1 -1 -1 -1 -1 -1 -1
 -1 -1 -1 -1 -1 -1 -1 -1  0 -1 -1  0  0 -1  0 -1  0  0 -1 -1 -1 -1 -1  0
 -1  0  0 -1 -1 -1 -1 -1 -1 -1 -1 -1 -1 -1 -1 -1 -1 -1 -1 -1 -1 -1 -1 -1
 -1 -1 -1 -1 -1 -1  1 -1 -1 -1 -1 -1 -1 -1 -1 -1 -1 -1 -1 -1 -1 -1 -1 -1
 -1 -1 -1 -1 -1  1 -1 -1 -1 -1 -1 -1 -1 -1 -1 -1 -1 -1 -1 -1 -1 -1 -1 -1
 -1 -1 -1 -1 -1 -1 -1 -1 -1 -1 -1 -1 -1 -1 -1 -1 -1 -1 -1 -1 -1 -1 -1 -1
 -1 -1 -1 -1 -1 -1 -1 -1 -1 -1 -1 -1 -1 -1 -1 -1 -1 -1 -1  1 -1 -1 -1 -1
 -1 -1 -1 -1 -1 -1 -1 -1 -1 -1 -1  1 -1 -1 -1  1 -1 -1 -1  0  1 -1 -1  1
 -1 -1 -1 -1 -1 -1 -1 -1 -1 -1 -1 -1 -1  1 -1 -1 -1 -1 -1 -1]",0.0014324188232421875,-0.2773999143326526,1.0739498603147948,88.24815428223782,,,,0.3898305084745763,0.002442999599426494,0.12117619263964018
7,dbscan,Geodesic Distance,1,"[-1 -1 -1 -1 -1 -1 -1 -1 -1 -1 -1 -1 -1 -1 -1 -1 -1 -1 -1 -1 -1 -1 -1 -1
 -1 -1 -1 -1 -1 -1 -1 -1 -1 -1 -1 -1 -1 -1 -1 -1 -1 -1 -1 -1 -1 -1 -1 -1
 -1 -1 -1 -1 -1 -1 -1 -1  0 -1 -1  0  0 -1  0 -1  0  0 -1 -1 -1 -1 -1  0
 -1  0  0 -1 -1 -1 -1 -1 -1 -1 -1 -1 -1 -1 -1 -1 -1 -1 -1 -1 -1 -1 -1 -1
 -1 -1 -1 -1 -1 -1 -1 -1 -1 -1 -1 -1 -1 -1 -1 -1 -1 -1 -1 -1 -1 -1 -1 -1
 -1 -1 -1 -1 -1 -1 -1 -1 -1 -1 -1 -1 -1 -1 -1 -1 -1 -1 -1 -1 -1 -1 -1 -1
 -1 -1 -1 -1 -1 -1 -1 -1 -1 -1 -1 -1 -1 -1 -1 -1 -1 -1 -1 -1 -1 -1 -1 -1
 -1 -1 -1 -1 -1 -1 -1 -1 -1 -1 -1 -1 -1 -1 -1 -1 -1 -1 -1 -1 -1 -1 -1 -1
 -1 -1 -1 -1 -1 -1 -1 -1 -1 -1 -1 -1 -1 -1 -1 -1 -1 -1 -1  0 -1 -1 -1 -1
 -1 -1 -1 -1 -1 -1 -1 -1 -1 -1 -1 -1 -1 -1 -1 -1 -1 -1 -1 -1]",0.0010001659393310547,0.23101394069614056,0.6118652325983643,90.23576034508021,,,,0.3583483591777858,-0.011657147061007183,0.061904993268832434
8,dbscan,Geodesic Distance,10,[],0.0,0.0,0.0,0.0,0.0,0.0,0.0,0.0,0.0,0.0
9,dbscan,Geodesic Distance,11,[],0.0,0.0,0.0,0.0,0.0,0.0,0.0,0.0,0.0,0.0
10,dbscan,Geodesic Distance,12,[],0.0,0.0,0.0,0.0,0.0,0.0,0.0,0.0,0.0,0.0
11,dbscan,Geodesic Distance,13,[],0.0,0.0,0.0,0.0,0.0,0.0,0.0,0.0,0.0,0.0
12,dbscan,Geodesic Distance,14,[],0.0,0.0,0.0,0.0,0.0,0.0,0.0,0.0,0.0,0.0
13,dbscan,Geodesic Distance,15,[],0.0,0.0,0.0,0.0,0.0,0.0,0.0,0.0,0.0,0.0
14,dbscan,Geodesic Distance,16,[],0.0,0.0,0.0,0.0,0.0,0.0,0.0,0.0,0.0,0.0
15,dbscan,Geodesic Distance,17,[],0.0,0.0,0.0,0.0,0.0,0.0,0.0,0.0,0.0,0.0
16,dbscan,Geodesic Distance,18,[],0.0,0.0,0.0,0.0,0.0,0.0,0.0,0.0,0.0,0.0
17,dbscan,Geodesic Distance,19,[],0.0,0.0,0.0,0.0,0.0,0.0,0.0,0.0,0.0,0.0
18,dbscan,Geodesic Distance,20,[],0.0,0.0,0.0,0.0,0.0,0.0,0.0,0.0,0.0,0.0
19,dbscan,Geodesic Distance,21,[],0.0,0.0,0.0,0.0,0.0,0.0,0.0,0.0,0.0,0.0
20,dbscan,Geodesic Distance,22,[],0.0,0.0,0.0,0.0,0.0,0.0,0.0,0.0,0.0,0.0
21,dbscan,Geodesic Distance,23,[],0.0,0.0,0.0,0.0,0.0,0.0,0.0,0.0,0.0,0.0
22,dbscan,Geodesic Distance,24,[],0.0,0.0,0.0,0.0,0.0,0.0,0.0,0.0,0.0,0.0
23,dbscan,Geodesic Distance,25,[],0.0,0.0,0.0,0.0,0.0,0.0,0.0,0.0,0.0,0.0
24,dbscan,Geodesic Distance,26,[],0.0,0.0,0.0,0.0,0.0,0.0,0.0,0.0,0.0,0.0
25,dbscan,Geodesic Distance,27,[],0.0,0.0,0.0,0.0,0.0,0.0,0.0,0.0,0.0,0.0
26,dbscan,Geodesic Distance,28,[],0.0,0.0,0.0,0.0,0.0,0.0,0.0,0.0,0.0,0.0
27,dbscan,Geodesic Distance,29,[],0.0,0.0,0.0,0.0,0.0,0.0,0.0,0.0,0.0,0.0
28,dbscan,Geodesic Distance,30,[],0.0,0.0,0.0,0.0,0.0,0.0,0.0,0.0,0.0,0.0
29,dbscan,Geodesic Distance,31,[],0.0,0.0,0.0,0.0,0.0,0.0,0.0,0.0,0.0,0.0
30,dbscan,Geodesic Distance,32,[],0.0,0.0,0.0,0.0,0.0,0.0,0.0,0.0,0.0,0.0
31,dbscan,Geodesic Distance,33,[],0.0,0.0,0.0,0.0,0.0,0.0,0.0,0.0,0.0,0.0
32,dbscan,Geodesic Distance,34,[],0.0,0.0,0.0,0.0,0.0,0.0,0.0,0.0,0.0,0.0
33,dbscan,Geodesic Distance,35,[],0.0,0.0,0.0,0.0,0.0,0.0,0.0,0.0,0.0,0.0
34,dbscan,Geodesic Distance,36,[],0.0,0.0,0.0,0.0,0.0,0.0,0.0,0.0,0.0,0.0
35,dbscan,Geodesic Distance,37,[],0.0,0.0,0.0,0.0,0.0,0.0,0.0,0.0,0.0,0.0
36,dbscan,Geodesic Distance,38,[],0.0,0.0,0.0,0.0,0.0,0.0,0.0,0.0,0.0,0.0
37,dbscan,Geodesic Distance,39,[],0.0,0.0,0.0,0.0,0.0,0.0,0.0,0.0,0.0,0.0
38,dbscan,Geodesic Distance,40,[],0.0,0.0,0.0,0.0,0.0,0.0,0.0,0.0,0.0,0.0
39,dbscan,Geodesic Distance,41,[],0.0,0.0,0.0,0.0,0.0,0.0,0.0,0.0,0.0,0.0
40,dbscan,Geodesic Distance,42,[],0.0,0.0,0.0,0.0,0.0,0.0,0.0,0.0,0.0,0.0
41,dbscan,Geodesic Distance,43,[],0.0,0.0,0.0,0.0,0.0,0.0,0.0,0.0,0.0,0.0
42,dbscan,Geodesic Distance,44,[],0.0,0.0,0.0,0.0,0.0,0.0,0.0,0.0,0.0,0.0
43,dbscan,Geodesic Distance,45,[],0.0,0.0,0.0,0.0,0.0,0.0,0.0,0.0,0.0,0.0
44,dbscan,Geodesic Distance,46,[],0.0,0.0,0.0,0.0,0.0,0.0,0.0,0.0,0.0,0.0
45,dbscan,Geodesic Distance,47,[],0.0,0.0,0.0,0.0,0.0,0.0,0.0,0.0,0.0,0.0
46,dbscan,Geodesic Distance,48,[],0.0,0.0,0.0,0.0,0.0,0.0,0.0,0.0,0.0,0.0
47,dbscan,Geodesic Distance,49,[],0.0,0.0,0.0,0.0,0.0,0.0,0.0,0.0,0.0,0.0
48,dbscan,Geodesic Distance,50,[],0.0,0.0,0.0,0.0,0.0,0.0,0.0,0.0,0.0,0.0
49,dbscan,Geodesic Distance,51,[],0.0,0.0,0.0,0.0,0.0,0.0,0.0,0.0,0.0,0.0
50,dbscan,Geodesic Distance,52,[],0.0,0.0,0.0,0.0,0.0,0.0,0.0,0.0,0.0,0.0
51,dbscan,Geodesic Distance,53,[],0.0,0.0,0.0,0.0,0.0,0.0,0.0,0.0,0.0,0.0
52,dbscan,Geodesic Distance,54,[],0.0,0.0,0.0,0.0,0.0,0.0,0.0,0.0,0.0,0.0
53,dbscan,Geodesic Distance,55,[],0.0,0.0,0.0,0.0,0.0,0.0,0.0,0.0,0.0,0.0
54,dbscan,Geodesic Distance,56,[],0.0,0.0,0.0,0.0,0.0,0.0,0.0,0.0,0.0,0.0
55,dbscan,Geodesic Distance,57,[],0.0,0.0,0.0,0.0,0.0,0.0,0.0,0.0,0.0,0.0
56,dbscan,Geodesic Distance,58,[],0.0,0.0,0.0,0.0,0.0,0.0,0.0,0.0,0.0,0.0
57,dbscan,Geodesic Distance,59,[],0.0,0.0,0.0,0.0,0.0,0.0,0.0,0.0,0.0,0.0
58,dbscan,Geodesic Distance,60,[],0.0,0.0,0.0,0.0,0.0,0.0,0.0,0.0,0.0,0.0
59,dbscan,Geodesic Distance,61,[],0.0,0.0,0.0,0.0,0.0,0.0,0.0,0.0,0.0,0.0
60,dbscan,Geodesic Distance,62,[],0.0,0.0,0.0,0.0,0.0,0.0,0.0,0.0,0.0,0.0
61,dbscan,Geodesic Distance,63,[],0.0,0.0,0.0,0.0,0.0,0.0,0.0,0.0,0.0,0.0
62,dbscan,Geodesic Distance,64,[],0.0,0.0,0.0,0.0,0.0,0.0,0.0,0.0,0.0,0.0
63,dbscan,Geodesic Distance,65,[],0.0,0.0,0.0,0.0,0.0,0.0,0.0,0.0,0.0,0.0
64,dbscan,Geodesic Distance,66,[],0.0,0.0,0.0,0.0,0.0,0.0,0.0,0.0,0.0,0.0
65,dbscan,Geodesic Distance,67,[],0.0,0.0,0.0,0.0,0.0,0.0,0.0,0.0,0.0,0.0
66,dbscan,Geodesic Distance,68,[],0.0,0.0,0.0,0.0,0.0,0.0,0.0,0.0,0.0,0.0
67,dbscan,Geodesic Distance,69,[],0.0,0.0,0.0,0.0,0.0,0.0,0.0,0.0,0.0,0.0
68,dbscan,Geodesic Distance,70,[],0.0,0.0,0.0,0.0,0.0,0.0,0.0,0.0,0.0,0.0
69,dbscan,Geodesic Distance,71,[],0.0,0.0,0.0,0.0,0.0,0.0,0.0,0.0,0.0,0.0
70,dbscan,Geodesic Distance,72,[],0.0,0.0,0.0,0.0,0.0,0.0,0.0,0.0,0.0,0.0
71,dbscan,Geodesic Distance,73,[],0.0,0.0,0.0,0.0,0.0,0.0,0.0,0.0,0.0,0.0
72,dbscan,Geodesic Distance,74,[],0.0,0.0,0.0,0.0,0.0,0.0,0.0,0.0,0.0,0.0
73,dbscan,Geodesic Distance,75,[],0.0,0.0,0.0,0.0,0.0,0.0,0.0,0.0,0.0,0.0
74,dbscan,Geodesic Distance,76,[],0.0,0.0,0.0,0.0,0.0,0.0,0.0,0.0,0.0,0.0
75,dbscan,Geodesic Distance,77,[],0.0,0.0,0.0,0.0,0.0,0.0,0.0,0.0,0.0,0.0
76,dbscan,Geodesic Distance,78,[],0.0,0.0,0.0,0.0,0.0,0.0,0.0,0.0,0.0,0.0
77,dbscan,Geodesic Distance,79,[],0.0,0.0,0.0,0.0,0.0,0.0,0.0,0.0,0.0,0.0
78,dbscan,Geodesic Distance,80,[],0.0,0.0,0.0,0.0,0.0,0.0,0.0,0.0,0.0,0.0
79,dbscan,Geodesic Distance,81,[],0.0,0.0,0.0,0.0,0.0,0.0,0.0,0.0,0.0,0.0
80,dbscan,Geodesic Distance,82,[],0.0,0.0,0.0,0.0,0.0,0.0,0.0,0.0,0.0,0.0
81,dbscan,Geodesic Distance,83,[],0.0,0.0,0.0,0.0,0.0,0.0,0.0,0.0,0.0,0.0
82,dbscan,Geodesic Distance,84,[],0.0,0.0,0.0,0.0,0.0,0.0,0.0,0.0,0.0,0.0
83,dbscan,Geodesic Distance,85,[],0.0,0.0,0.0,0.0,0.0,0.0,0.0,0.0,0.0,0.0
84,dbscan,Geodesic Distance,86,[],0.0,0.0,0.0,0.0,0.0,0.0,0.0,0.0,0.0,0.0
85,dbscan,Geodesic Distance,87,[],0.0,0.0,0.0,0.0,0.0,0.0,0.0,0.0,0.0,0.0
86,dbscan,Geodesic Distance,88,[],0.0,0.0,0.0,0.0,0.0,0.0,0.0,0.0,0.0,0.0
87,dbscan,Geodesic Distance,89,[],0.0,0.0,0.0,0.0,0.0,0.0,0.0,0.0,0.0,0.0
88,dbscan,Geodesic Distance,90,[],0.0,0.0,0.0,0.0,0.0,0.0,0.0,0.0,0.0,0.0
89,dbscan,Geodesic Distance,91,[],0.0,0.0,0.0,0.0,0.0,0.0,0.0,0.0,0.0,0.0
90,dbscan,Geodesic Distance,92,[],0.0,0.0,0.0,0.0,0.0,0.0,0.0,0.0,0.0,0.0
91,dbscan,Geodesic Distance,93,[],0.0,0.0,0.0,0.0,0.0,0.0,0.0,0.0,0.0,0.0
92,dbscan,Geodesic Distance,94,[],0.0,0.0,0.0,0.0,0.0,0.0,0.0,0.0,0.0,0.0
93,dbscan,Geodesic Distance,95,[],0.0,0.0,0.0,0.0,0.0,0.0,0.0,0.0,0.0,0.0
94,dbscan,Geodesic Distance,96,[],0.0,0.0,0.0,0.0,0.0,0.0,0.0,0.0,0.0,0.0
95,dbscan,Geodesic Distance,97,[],0.0,0.0,0.0,0.0,0.0,0.0,0.0,0.0,0.0,0.0
96,dbscan,Geodesic Distance,98,[],0.0,0.0,0.0,0.0,0.0,0.0,0.0,0.0,0.0,0.0
97,dbscan,Geodesic Distance,99,[],0.0,0.0,0.0,0.0,0.0,0.0,0.0,0.0,0.0,0.0
98,dbscan,Geodesic Distance,100,[],0.0,0.0,0.0,0.0,0.0,0.0,0.0,0.0,0.0,0.0
99,dbscan,Geodesic Distance,101,[],0.0,0.0,0.0,0.0,0.0,0.0,0.0,0.0,0.0,0.0
100,dbscan,Geodesic Distance,102,[],0.0,0.0,0.0,0.0,0.0,0.0,0.0,0.0,0.0,0.0
101,dbscan,Geodesic Distance,103,[],0.0,0.0,0.0,0.0,0.0,0.0,0.0,0.0,0.0,0.0
102,dbscan,Geodesic Distance,104,[],0.0,0.0,0.0,0.0,0.0,0.0,0.0,0.0,0.0,0.0
103,dbscan,Geodesic Distance,105,[],0.0,0.0,0.0,0.0,0.0,0.0,0.0,0.0,0.0,0.0
104,dbscan,Geodesic Distance,106,[],0.0,0.0,0.0,0.0,0.0,0.0,0.0,0.0,0.0,0.0
105,dbscan,Geodesic Distance,107,[],0.0,0.0,0.0,0.0,0.0,0.0,0.0,0.0,0.0,0.0
106,dbscan,Geodesic Distance,108,[],0.0,0.0,0.0,0.0,0.0,0.0,0.0,0.0,0.0,0.0
107,dbscan,Geodesic Distance,109,[],0.0,0.0,0.0,0.0,0.0,0.0,0.0,0.0,0.0,0.0
108,dbscan,Geodesic Distance,110,[],0.0,0.0,0.0,0.0,0.0,0.0,0.0,0.0,0.0,0.0
109,dbscan,Geodesic Distance,111,[],0.0,0.0,0.0,0.0,0.0,0.0,0.0,0.0,0.0,0.0
110,dbscan,Geodesic Distance,112,[],0.0,0.0,0.0,0.0,0.0,0.0,0.0,0.0,0.0,0.0
111,dbscan,Geodesic Distance,113,[],0.0,0.0,0.0,0.0,0.0,0.0,0.0,0.0,0.0,0.0
112,dbscan,Geodesic Distance,114,[],0.0,0.0,0.0,0.0,0.0,0.0,0.0,0.0,0.0,0.0
113,dbscan,Geodesic Distance,115,[],0.0,0.0,0.0,0.0,0.0,0.0,0.0,0.0,0.0,0.0
114,dbscan,Geodesic Distance,116,[],0.0,0.0,0.0,0.0,0.0,0.0,0.0,0.0,0.0,0.0
115,dbscan,Geodesic Distance,117,[],0.0,0.0,0.0,0.0,0.0,0.0,0.0,0.0,0.0,0.0
116,dbscan,Geodesic Distance,118,[],0.0,0.0,0.0,0.0,0.0,0.0,0.0,0.0,0.0,0.0
117,dbscan,Geodesic Distance,119,[],0.0,0.0,0.0,0.0,0.0,0.0,0.0,0.0,0.0,0.0
118,dbscan,Geodesic Distance,120,[],0.0,0.0,0.0,0.0,0.0,0.0,0.0,0.0,0.0,0.0
119,dbscan,Geodesic Distance,121,[],0.0,0.0,0.0,0.0,0.0,0.0,0.0,0.0,0.0,0.0
120,dbscan,Geodesic Distance,122,[],0.0,0.0,0.0,0.0,0.0,0.0,0.0,0.0,0.0,0.0
121,dbscan,Geodesic Distance,123,[],0.0,0.0,0.0,0.0,0.0,0.0,0.0,0.0,0.0,0.0
122,dbscan,Geodesic Distance,124,[],0.0,0.0,0.0,0.0,0.0,0.0,0.0,0.0,0.0,0.0
123,dbscan,Geodesic Distance,125,[],0.0,0.0,0.0,0.0,0.0,0.0,0.0,0.0,0.0,0.0
124,dbscan,Geodesic Distance,126,[],0.0,0.0,0.0,0.0,0.0,0.0,0.0,0.0,0.0,0.0
125,dbscan,Geodesic Distance,127,[],0.0,0.0,0.0,0.0,0.0,0.0,0.0,0.0,0.0,0.0
126,dbscan,Geodesic Distance,128,[],0.0,0.0,0.0,0.0,0.0,0.0,0.0,0.0,0.0,0.0
127,dbscan,Geodesic Distance,129,[],0.0,0.0,0.0,0.0,0.0,0.0,0.0,0.0,0.0,0.0
128,dbscan,Geodesic Distance,130,[],0.0,0.0,0.0,0.0,0.0,0.0,0.0,0.0,0.0,0.0
129,dbscan,Geodesic Distance,131,[],0.0,0.0,0.0,0.0,0.0,0.0,0.0,0.0,0.0,0.0
130,dbscan,Geodesic Distance,132,[],0.0,0.0,0.0,0.0,0.0,0.0,0.0,0.0,0.0,0.0
131,dbscan,Geodesic Distance,133,[],0.0,0.0,0.0,0.0,0.0,0.0,0.0,0.0,0.0,0.0
132,dbscan,Geodesic Distance,134,[],0.0,0.0,0.0,0.0,0.0,0.0,0.0,0.0,0.0,0.0
133,dbscan,Geodesic Distance,135,[],0.0,0.0,0.0,0.0,0.0,0.0,0.0,0.0,0.0,0.0
134,dbscan,Geodesic Distance,136,[],0.0,0.0,0.0,0.0,0.0,0.0,0.0,0.0,0.0,0.0
135,dbscan,Geodesic Distance,137,[],0.0,0.0,0.0,0.0,0.0,0.0,0.0,0.0,0.0,0.0
136,dbscan,Geodesic Distance,138,[],0.0,0.0,0.0,0.0,0.0,0.0,0.0,0.0,0.0,0.0
137,dbscan,Geodesic Distance,139,[],0.0,0.0,0.0,0.0,0.0,0.0,0.0,0.0,0.0,0.0
138,dbscan,Geodesic Distance,140,[],0.0,0.0,0.0,0.0,0.0,0.0,0.0,0.0,0.0,0.0
139,dbscan,Geodesic Distance,141,[],0.0,0.0,0.0,0.0,0.0,0.0,0.0,0.0,0.0,0.0
140,dbscan,Geodesic Distance,142,[],0.0,0.0,0.0,0.0,0.0,0.0,0.0,0.0,0.0,0.0
141,dbscan,Geodesic Distance,143,[],0.0,0.0,0.0,0.0,0.0,0.0,0.0,0.0,0.0,0.0
142,dbscan,Geodesic Distance,144,[],0.0,0.0,0.0,0.0,0.0,0.0,0.0,0.0,0.0,0.0
143,dbscan,Geodesic Distance,145,[],0.0,0.0,0.0,0.0,0.0,0.0,0.0,0.0,0.0,0.0
144,dbscan,Geodesic Distance,146,[],0.0,0.0,0.0,0.0,0.0,0.0,0.0,0.0,0.0,0.0
145,dbscan,Geodesic Distance,147,[],0.0,0.0,0.0,0.0,0.0,0.0,0.0,0.0,0.0,0.0
146,dbscan,Geodesic Distance,148,[],0.0,0.0,0.0,0.0,0.0,0.0,0.0,0.0,0.0,0.0
147,dbscan,Geodesic Distance,149,[],0.0,0.0,0.0,0.0,0.0,0.0,0.0,0.0,0.0,0.0
148,dbscan,Geodesic Distance,150,[],0.0,0.0,0.0,0.0,0.0,0.0,0.0,0.0,0.0,0.0
149,dbscan,Geodesic Distance,151,[],0.0,0.0,0.0,0.0,0.0,0.0,0.0,0.0,0.0,0.0
150,dbscan,Geodesic Distance,152,[],0.0,0.0,0.0,0.0,0.0,0.0,0.0,0.0,0.0,0.0
151,dbscan,Geodesic Distance,153,[],0.0,0.0,0.0,0.0,0.0,0.0,0.0,0.0,0.0,0.0
152,dbscan,Geodesic Distance,154,[],0.0,0.0,0.0,0.0,0.0,0.0,0.0,0.0,0.0,0.0
153,dbscan,Geodesic Distance,155,[],0.0,0.0,0.0,0.0,0.0,0.0,0.0,0.0,0.0,0.0
154,dbscan,Geodesic Distance,156,[],0.0,0.0,0.0,0.0,0.0,0.0,0.0,0.0,0.0,0.0
155,dbscan,Geodesic Distance,157,[],0.0,0.0,0.0,0.0,0.0,0.0,0.0,0.0,0.0,0.0
156,dbscan,Geodesic Distance,158,[],0.0,0.0,0.0,0.0,0.0,0.0,0.0,0.0,0.0,0.0
157,dbscan,Geodesic Distance,159,[],0.0,0.0,0.0,0.0,0.0,0.0,0.0,0.0,0.0,0.0
158,dbscan,Geodesic Distance,160,[],0.0,0.0,0.0,0.0,0.0,0.0,0.0,0.0,0.0,0.0
159,dbscan,Geodesic Distance,161,[],0.0,0.0,0.0,0.0,0.0,0.0,0.0,0.0,0.0,0.0
160,dbscan,Geodesic Distance,162,[],0.0,0.0,0.0,0.0,0.0,0.0,0.0,0.0,0.0,0.0
161,dbscan,Geodesic Distance,163,[],0.0,0.0,0.0,0.0,0.0,0.0,0.0,0.0,0.0,0.0
162,dbscan,Geodesic Distance,164,[],0.0,0.0,0.0,0.0,0.0,0.0,0.0,0.0,0.0,0.0
163,dbscan,Geodesic Distance,165,[],0.0,0.0,0.0,0.0,0.0,0.0,0.0,0.0,0.0,0.0
164,dbscan,Geodesic Distance,166,[],0.0,0.0,0.0,0.0,0.0,0.0,0.0,0.0,0.0,0.0
165,dbscan,Geodesic Distance,167,[],0.0,0.0,0.0,0.0,0.0,0.0,0.0,0.0,0.0,0.0
166,dbscan,Geodesic Distance,168,[],0.0,0.0,0.0,0.0,0.0,0.0,0.0,0.0,0.0,0.0
167,dbscan,Geodesic Distance,169,[],0.0,0.0,0.0,0.0,0.0,0.0,0.0,0.0,0.0,0.0
168,dbscan,Geodesic Distance,170,[],0.0,0.0,0.0,0.0,0.0,0.0,0.0,0.0,0.0,0.0
169,dbscan,Geodesic Distance,171,[],0.0,0.0,0.0,0.0,0.0,0.0,0.0,0.0,0.0,0.0
170,dbscan,Geodesic Distance,172,[],0.0,0.0,0.0,0.0,0.0,0.0,0.0,0.0,0.0,0.0
171,dbscan,Geodesic Distance,173,[],0.0,0.0,0.0,0.0,0.0,0.0,0.0,0.0,0.0,0.0
172,dbscan,Geodesic Distance,174,[],0.0,0.0,0.0,0.0,0.0,0.0,0.0,0.0,0.0,0.0
173,dbscan,Geodesic Distance,175,[],0.0,0.0,0.0,0.0,0.0,0.0,0.0,0.0,0.0,0.0
174,dbscan,Geodesic Distance,176,[],0.0,0.0,0.0,0.0,0.0,0.0,0.0,0.0,0.0,0.0
175,dbscan,Geodesic Distance,177,[],0.0,0.0,0.0,0.0,0.0,0.0,0.0,0.0,0.0,0.0
176,dbscan,Geodesic Distance,178,[],0.0,0.0,0.0,0.0,0.0,0.0,0.0,0.0,0.0,0.0
177,dbscan,Geodesic Distance,179,[],0.0,0.0,0.0,0.0,0.0,0.0,0.0,0.0,0.0,0.0
178,dbscan,Geodesic Distance,180,[],0.0,0.0,0.0,0.0,0.0,0.0,0.0,0.0,0.0,0.0
179,dbscan,Geodesic Distance,181,[],0.0,0.0,0.0,0.0,0.0,0.0,0.0,0.0,0.0,0.0
180,dbscan,Geodesic Distance,182,[],0.0,0.0,0.0,0.0,0.0,0.0,0.0,0.0,0.0,0.0
181,dbscan,Geodesic Distance,183,[],0.0,0.0,0.0,0.0,0.0,0.0,0.0,0.0,0.0,0.0
182,dbscan,Geodesic Distance,184,[],0.0,0.0,0.0,0.0,0.0,0.0,0.0,0.0,0.0,0.0
183,dbscan,Geodesic Distance,185,[],0.0,0.0,0.0,0.0,0.0,0.0,0.0,0.0,0.0,0.0
184,dbscan,Geodesic Distance,186,[],0.0,0.0,0.0,0.0,0.0,0.0,0.0,0.0,0.0,0.0
185,dbscan,Geodesic Distance,187,[],0.0,0.0,0.0,0.0,0.0,0.0,0.0,0.0,0.0,0.0
186,dbscan,Geodesic Distance,188,[],0.0,0.0,0.0,0.0,0.0,0.0,0.0,0.0,0.0,0.0
187,dbscan,Geodesic Distance,189,[],0.0,0.0,0.0,0.0,0.0,0.0,0.0,0.0,0.0,0.0
188,dbscan,Geodesic Distance,190,[],0.0,0.0,0.0,0.0,0.0,0.0,0.0,0.0,0.0,0.0
189,dbscan,Geodesic Distance,191,[],0.0,0.0,0.0,0.0,0.0,0.0,0.0,0.0,0.0,0.0
190,dbscan,Geodesic Distance,192,[],0.0,0.0,0.0,0.0,0.0,0.0,0.0,0.0,0.0,0.0
191,dbscan,Geodesic Distance,193,[],0.0,0.0,0.0,0.0,0.0,0.0,0.0,0.0,0.0,0.0
192,dbscan,Geodesic Distance,194,[],0.0,0.0,0.0,0.0,0.0,0.0,0.0,0.0,0.0,0.0
193,dbscan,Geodesic Distance,195,[],0.0,0.0,0.0,0.0,0.0,0.0,0.0,0.0,0.0,0.0
194,dbscan,Geodesic Distance,196,[],0.0,0.0,0.0,0.0,0.0,0.0,0.0,0.0,0.0,0.0
195,dbscan,Geodesic Distance,197,[],0.0,0.0,0.0,0.0,0.0,0.0,0.0,0.0,0.0,0.0
196,dbscan,Geodesic Distance,198,[],0.0,0.0,0.0,0.0,0.0,0.0,0.0,0.0,0.0,0.0
197,dbscan,Geodesic Distance,199,[],0.0,0.0,0.0,0.0,0.0,0.0,0.0,0.0,0.0,0.0
